Region/Province/City,Kind of Quarantine,Start Date,End Date,Source
Province of Bohol,Community Quarantine,March 16 2020,April 12 2020,Executive Order No. 2020-08 & 14
Cebu City,General Community Quarantine,March 16 2020,April 14 2020,Executive Order No. 52
City of Iligan,Community Quarantine,March 16 2020,03/20/20,Executive Order No. 29 / Executive Order No. 011
Luzon,Enhanced Community Quarantine,March 16 2020,April 12 2020,Proclamation No. 929
Lanao Del Sur,Community Quarantine,March 17 2020,April 14 2020,Joint Executive Order No. 001 Series of 2020
Province of Negros Oriental,General Community Quarantine,March 17 2020,04/03/20,Executive Order No. 21 / Executive Order No. 21 Series of 2020
Bacolod City,General Community Quarantine,March 17 2020,03/30/20,Executive Order No. 21 / Executive Order No. 21 Series of 2020
Province of Leyte,General Community Quarantine,March 18 2020,April 30 2020,Executive Order No. 03-2020-03
Northern Samar,General Community Quarantine,March 18 2020,April 30 2020,Executive Order No. 03-2020-03
Tawi-Tawi,Enhanced Community Quarantine,March 18 2020,April 14 2020,Executive Order No. 2020-05
Iligan City,Enhanced Community Quarantine,March 20 2020,April 30 2020,Executive Order No. 32 & 37
Province of Ilo-ilo,Enhanced Community Quarantine,March 21 2020,April 30 2020,Executive Order No. 80 & 102
City of Ilo-ilo,Enhanced Community Quarantine,March 21 2020,April 30 2020,Executive Order No. 80 & 102
South Cotabato,Enhanced Community Quarantine,March 21 2020,April 30 2020,Executive Order No. 80 & 102
Lanao Del Norte,Enhanced Community Quarantine,March 22 2020,April 10 2020,Executive Order No. 6 Series of 2020
Eastern Samar,General Community Quarantine,March 22 2020,April 12 2020,Executive Order No. 03-015
Province of Antique,Enhanced Community Quarantine,March 22 2020,April 14 2020,Executive Order No. 36 & 38
Province of Aklan,Enhanced Community Quarantine,March 23 2020,April 30 2020,Executive Order No. 20 & 21
City of Davao,Community Quarantine,March 26 2020,April 19 2020,Executive Order No. 20 [2]
Cebu City,Enhanced Community Quarantine,March 28 2020,April 28 2020,Executive Order No. 064 Series of 2020
City of Lapu-lapu,Enhanced Community Quarantine,March 29 2020,April 28 2020,Executive Order No. 2020-048 & 048-B
Province of Cebu,Enhanced Community Quarantine,March 30 2020,April 30 2020,Executive Order No. 5-O
Bacolod City,Enhanced Community Quarantine,March 30 2020,April 14 2020,Executive Order No. 26-2020
Province of Negros Occidental,Enhanced Community Quarantine,March 30 2020,April 24 2020,Executive Order No. 20-2020
Province of Negros Oriental,Enhanced Community Quarantine,April 3 2020,April 18 2020,Executive Order No. 2020-26
Davao Region,Enhanced Community Quarantine,April 4 2020,April 19 2020,Executive Order No. 23-A
Region XIII (Caraga),Enhanced Community Quarantine,April 7 2020,April 30 2020,Resolution No. 12 Series of 2020
Luzon,Enhanced Community Quarantine,April 13 2020,April 30 2020,Approved IATF Resolution No. 20
Province of Bohol,Enhanced Community Quarantine,April 13 2020,April 30 2020,Approved IATF Resolution No. 20
Province of Biliran,Enhanced Community Quarantine,April 16 2020,April 30 2020,Executive Order No. 24
NCR,Enhanced Community Quarantine,May 1 2020,May 15 2020,Executive Order No. 112 s. 2020
Central Luzon (except Aurora),Enhanced Community Quarantine,May 1 2020,May 15 2020,Executive Order No. 112 s. 2020
Calabarzon,Enhanced Community Quarantine,May 1 2020,May 15 2020,Executive Order No. 112 s. 2020
Benguet,Enhanced Community Quarantine,May 1 2020,May 15 2020,Executive Order No. 112 s. 2020
Pangasinan,Enhanced Community Quarantine,May 1 2020,May 15 2020,Executive Order No. 112 s. 2020
Iloilo,Enhanced Community Quarantine,May 1 2020,May 15 2020,Executive Order No. 112 s. 2020
Cebu,Enhanced Community Quarantine,May 1 2020,May 15 2020,Executive Order No. 112 s. 2020
Bacolod,Enhanced Community Quarantine,May 1 2020,May 15 2020,Executive Order No. 112 s. 2020
Davao City,Enhanced Community Quarantine,May 1 2020,May 15 2020,Executive Order No. 112 s. 2020
Rest of the country (Low-risk areas),General Community Quarantine,May 1 2020,May 15 2020,Executive Order No. 112 s. 2020
Cebu City,Enhanced Community Quarantine,May 16 2020,May 31 2020,Approved IATF Resolution No. 37
Mandaue City,Enhanced Community Quarantine,May 16 2020,May 31 2020,Approved IATF Resolution No. 37
NCR (All HUCs and Pateros),Modified Enhanced Community Quarantine,May 16 2020,May 31 2020,Approved IATF Resolution No. 37
Bataan,Modified Enhanced Community Quarantine,May 16 2020,May 31 2020,Approved IATF Resolution No. 37
Bulacan,Modified Enhanced Community Quarantine,May 16 2020,May 31 2020,Approved IATF Resolution No. 37
Nueva Ecija,Modified Enhanced Community Quarantine,May 16 2020,May 31 2020,Approved IATF Resolution No. 37
Pampanga,Modified Enhanced Community Quarantine,May 16 2020,May 31 2020,Approved IATF Resolution No. 37
Zambales,Modified Enhanced Community Quarantine,May 16 2020,May 31 2020,Approved IATF Resolution No. 37
Angeles City,Modified Enhanced Community Quarantine,May 16 2020,May 31 2020,Approved IATF Resolution No. 37
Laguna,Modified Enhanced Community Quarantine,May 16 2020,May 31 2020,Approved IATF Resolution No. 37
Rest of the country (not under ECQ/MECQ),General Community Quarantine,May 16 2020,May 31 2020,Approved IATF Resolution No. 37
NCR,General Community Quarantine,June 1 2020,June 15 2020,Approved IATF Resolution No. 41
Pangasinan,General Community Quarantine,June 1 2020,June 15 2020,Approved IATF Resolution No. 41
Region II,General Community Quarantine,June 1 2020,June 15 2020,Approved IATF Resolution No. 41
Region III,General Community Quarantine,June 1 2020,June 15 2020,Approved IATF Resolution No. 41
Region IV-A,General Community Quarantine,June 1 2020,June 15 2020,Approved IATF Resolution No. 41
Region VII,General Community Quarantine,June 1 2020,June 15 2020,Approved IATF Resolution No. 41
Zamboanga City,General Community Quarantine,June 1 2020,June 15 2020,Approved IATF Resolution No. 41
Davao City,General Community Quarantine,June 1 2020,June 15 2020,Approved IATF Resolution No. 41
All other areas not mentioned in GCQ list,Modified General Community Quarantine,June 1 2020,June 15 2020,Approved IATF Resolution No. 41
Cebu City,Enhanced Community Quarantine,June 16 2020,June 30 2020,Approved IATF Resolution No. 46-A
Talisay City (Cebu),Modified Enhanced Community Quarantine,June 16 2020,June 30 2020,Approved IATF Resolution No. 46-A
NCR,General Community Quarantine,June 16 2020,June 30 2020,Approved IATF Resolution No. 46-A
Region II,General Community Quarantine,June 16 2020,June 30 2020,Approved IATF Resolution No. 46-A
Region III,General Community Quarantine,June 16 2020,June 30 2020,Approved IATF Resolution No. 46-A
Region IV-A,General Community Quarantine,June 16 2020,June 30 2020,Approved IATF Resolution No. 46-A
Bohol,General Community Quarantine,June 16 2020,June 30 2020,Approved IATF Resolution No. 46-A
Cebu,General Community Quarantine,June 16 2020,June 30 2020,Approved IATF Resolution No. 46-A
Negros Oriental,General Community Quarantine,June 16 2020,June 30 2020,Approved IATF Resolution No. 46-A
Siquijor,General Community Quarantine,June 16 2020,June 30 2020,Approved IATF Resolution No. 46-A
Mandaue,General Community Quarantine,June 16 2020,June 30 2020,Approved IATF Resolution No. 46-A
Lapu-Lapu,General Community Quarantine,June 16 2020,June 30 2020,Approved IATF Resolution No. 46-A
Zamboanga City,General Community Quarantine,June 16 2020,June 30 2020,Approved IATF Resolution No. 46-A
Davao City,General Community Quarantine,June 16 2020,June 30 2020,Approved IATF Resolution No. 46-A
Cebu City,Enhanced Community Quarantine,July 1 2020,July 15 2020,Approved IATF Resolution No. 50-A
NCR,General Community Quarantine,July 1 2020,July 15 2020,Approved IATF Resolution No. 50-A
Benguet,General Community Quarantine,July 1 2020,July 15 2020,Approved IATF Resolution No. 50-A
Cavite,General Community Quarantine,July 1 2020,July 15 2020,Approved IATF Resolution No. 50-A
Rizal,General Community Quarantine,July 1 2020,July 15 2020,Approved IATF Resolution No. 50-A
Mandaue City,General Community Quarantine,July 1 2020,July 15 2020,Approved IATF Resolution No. 50-A
Lapu-Lapu City,General Community Quarantine,July 1 2020,July 15 2020,Approved IATF Resolution No. 50-A
Talisay City,General Community Quarantine,July 1 2020,July 15 2020,Approved IATF Resolution No. 50-A
Minglanilla,General Community Quarantine,July 1 2020,July 15 2020,Approved IATF Resolution No. 50-A
Consolacion,General Community Quarantine,July 1 2020,July 15 2020,Approved IATF Resolution No. 50-A
Leyte,General Community Quarantine,July 1 2020,July 15 2020,Approved IATF Resolution No. 50-A
Southern Leyte,General Community Quarantine,July 1 2020,July 15 2020,Approved IATF Resolution No. 50-A
Ormoc City,General Community Quarantine,July 1 2020,July 15 2020,Approved IATF Resolution No. 50-A
Cebu City,Modified Enhanced Community Quarantine,July 16 2020,July 31 2020,Approved IATF Resolution No. 55-A
Navotas,Lockdown,July 16 2020,July 29 2020,Announcement by Mayor Tiangco
NCR,Modified Enhanced Community Quarantine,August 4 2020,August 18 2020,Approved IATF Recommendation
Bulacan,Modified Enhanced Community Quarantine,August 4 2020,August 18 2020,Approved IATF Recommendation
Laguna,Modified Enhanced Community Quarantine,August 4 2020,August 18 2020,Approved IATF Recommendation
Cavite,Modified Enhanced Community Quarantine,August 4 2020,August 18 2020,Approved IATF Recommendation
Rizal,Modified Enhanced Community Quarantine,August 4 2020,August 18 2020,Approved IATF Recommendation
Iligan City,Modified Enhanced Community Quarantine,September 1 2020,September 30 2020,Presidential Announcement
NCR,General Community Quarantine,September 1 2020,September 30 2020,Presidential Announcement
Bulacan,General Community Quarantine,September 1 2020,September 30 2020,Presidential Announcement
Batangas,General Community Quarantine,September 1 2020,September 30 2020,Presidential Announcement
Tacloban City,General Community Quarantine,September 1 2020,September 30 2020,Presidential Announcement
Bacolod,General Community Quarantine,September 1 2020,September 30 2020,Presidential Announcement
Lanao del Sur,Modified Enhanced Community Quarantine,October 1 2020,October 31 2020,IATF-EID Recommendation
NCR,General Community Quarantine,November 1 2020,November 30 2020,Malacanang Announcement
NCR,General Community Quarantine,December 1 2020,December 31 2020,Presidential Announcement
Isabela (excluding Santiago City),General Community Quarantine,December 15 2020,December 31 2020,IATF-EID Recommendation
Bontoc (Selected Barangays),Lockdown,January 18 2021,January 31 2021,Mayor Franklin Odsey Announcement
Pasay (33 Barangays),Lockdown,February 20 2021,03/05/21,City Administrator Announcement
NCR,General Community Quarantine,March 22 2021,April 4 2021,IATF-EID Resolution No. 104
Bulacan,General Community Quarantine,March 22 2021,April 4 2021,IATF-EID Resolution No. 104
Cavite,General Community Quarantine,March 22 2021,April 4 2021,IATF-EID Resolution No. 104
Laguna,General Community Quarantine,March 22 2021,April 4 2021,IATF-EID Resolution No. 104
Rizal,General Community Quarantine,March 22 2021,April 4 2021,IATF-EID Resolution No. 104
NCR,Enhanced Community Quarantine,03/29/21,April 11 2021,Presidential Address / Malacanang Announcement
Bulacan,Enhanced Community Quarantine,03/29/21,April 11 2021,Presidential Address / Malacanang Announcement
Cavite,Enhanced Community Quarantine,03/29/21,April 11 2021,Presidential Address / Malacanang Announcement
Laguna,Enhanced Community Quarantine,03/29/21,April 11 2021,Presidential Address / Malacanang Announcement
Rizal,Enhanced Community Quarantine,03/29/21,April 11 2021,Presidential Address / Malacanang Announcement
Quirino,Enhanced Community Quarantine,April 1 2021,April 15 2021,Presidential Address
Santiago City,Modified Enhanced Community Quarantine,April 1 2021,April 30 2021,Presidential Address
NCR,Modified Enhanced Community Quarantine,April 12 2021,May 14 2021,Malacanang Announcement / Presidential Announcement
Abra,Modified Enhanced Community Quarantine,May 1 2021,May 31 2021,Presidential Announcement
Ifugao,Modified Enhanced Community Quarantine,May 1 2021,May 14 2021,Malacanang Announcement
Puerto Princesa City,General Community Quarantine,May 1 2021,May 31 2021,Malacanang Announcement
NCR,General Community Quarantine,May 15 2021,May 31 2021,Malacanang Announcement
Santiago City,Modified Enhanced Community Quarantine,May 15 2021,May 31 2021,Malacanang Announcement
Zamboanga City,Modified Enhanced Community Quarantine,May 15 2021,May 31 2021,Malacanang Announcement
Quirino,Modified Enhanced Community Quarantine,May 15 2021,May 31 2021,Malacanang Announcement
Ifugao,Modified Enhanced Community Quarantine,May 15 2021,May 31 2021,Malacanang Announcement
Iloilo City,Modified Enhanced Community Quarantine,May 23 2021,May 31 2021,IATF-EID Announcement
Barangay Namruangan (Cabugao Ilocos Sur),Extreme Enhanced Community Quarantine,May 29 2021,June 11 2021,Mayor Edgardo Cobangbang Jr. Resolution
NCR,General Community Quarantine,June 1 2021,June 15 2021,Presidential Approval of IATF-EID Recommendation
Santiago City,Modified Enhanced Community Quarantine,June 1 2021,June 15 2021,Presidential Approval of IATF-EID Recommendation
NCR,Enhanced Community Quarantine,Aug 6 2021,Aug 20 2021,IATF Res. 130-A
NCR,Modified Enhanced Community Quarantine,Aug 21 2021,Sept 7 2021,Malacanang Announcement / IATF Recommendation
Laguna,Modified Enhanced Community Quarantine,Aug 21 2021,Sept 7 2021,Malacanang Announcement / IATF Recommendation
Bataan,Modified Enhanced Community Quarantine,Aug 21 2021,Sept 7 2021,Malacanang Announcement / IATF Recommendation
NCR,Alert Level 3,Jan 3 2022,Jan 31 2022,IATF Resolutions
Bulacan,Alert Level 3,Jan 3 2022,Jan 31 2022,IATF Resolutions
Rizal,Alert Level 3,Jan 3 2022,Jan 31 2022,IATF Resolutions
Cavite,Alert Level 3,Jan 3 2022,Jan 31 2022,IATF Resolutions
Kalinga,Alert Level 4,Jan 21 2022,Jan 31 2022,IATF Resolutions
Ifugao,Alert Level 4,Jan 21 2022,Jan 31 2022,IATF Resolutions
Mt. Province,Alert Level 4,Jan 21 2022,Jan 31 2022,IATF Resolutions
N. Samar,Alert Level 4,Jan 21 2022,Jan 31 2022,IATF Resolutions
