Rank,Score,Province,Region,Ranking_Year
1st,51.5573,National Capital Region,NATIONAL CAPITAL REGION (NCR),2020
2nd,51.525,Rizal,REGION IV-A (CALABARZON),2020
3rd,50.3919,Davao Del Norte,REGION XI (Davao Region),2020
4th,47.8568,Camiguin,REGION X (Northern Mindanao),2020
5th,47.4095,Laguna,REGION IV-A (CALABARZON),2020
6th,46.5593,Cavite,REGION IV-A (CALABARZON),2020
7th,42.5022,Pampanga,REGION III (Central Luzon),2020
8th,42.1993,Albay,REGION V (Bicol Region),2020
9th,41.9494,Bulacan,REGION III (Central Luzon),2020
10th,41.7135,Batangas,REGION IV-A (CALABARZON),2020
11th,41.1056,Benguet,CAR - Cordillera Administrative Region,2020
12th,40.6958,South Cotabato,REGION XII (Soccsksargen),2020
13th,40.1858,Cotabato (North Cotabato),REGION XII (Soccsksargen),2020
14th,40.0963,La Union,REGION I (Ilocos Region),2020
15th,39.9018,Quirino,REGION II (Cagayan Valley),2020
16th,39.7522,Bataan,REGION III (Central Luzon),2020
17th,39.7125,Camarines Sur,REGION V (Bicol Region),2020
18th,39.6627,Aklan,REGION VI (Western Visayas),2020
19th,39.5989,Surigao Del Norte,REGION XIII (Caraga),2020
20th,39.3689,Tarlac,REGION III (Central Luzon),2020
21st,39.2262,Bohol,REGION VII (Central Visayas),2020
22nd,39.16,Sarangani,REGION XII (Soccsksargen),2020
23rd,39.0941,Oriental Mindoro,REGION IV-B (MIMAROPA),2020
24th,38.9956,Isabela,REGION II (Cagayan Valley),2020
25th,38.9348,Siquijor,REGION VII (Central Visayas),2020
26th,38.741,Iloilo,REGION VI (Western Visayas),2020
27th,38.6288,Cebu,REGION VII (Central Visayas),2020
28th,38.547,Davao de Oro,REGION XI (Davao Region),2020
29th,38.5141,Ilocos Sur,REGION I (Ilocos Region),2020
30th,38.4018,Ilocos Norte,REGION I (Ilocos Region),2020
31st,38.3503,Pangasinan,REGION I (Ilocos Region),2020
32nd,38.3366,Bukidnon,REGION X (Northern Mindanao),2020
33rd,38.2915,Misamis Occidental,REGION X (Northern Mindanao),2020
34th,38.1755,Zamboanga Del Sur,REGION IX (Zamboanga Peninsula),2020
35th,38.1622,Misamis Oriental,REGION X (Northern Mindanao),2020
36th,38.0738,Zambales,REGION III (Central Luzon),2020
37th,38.0599,Sultan Kudarat,REGION XII (Soccsksargen),2020
38th,37.9942,Agusan Del Sur,REGION XIII (Caraga),2020
39th,37.8428,Marinduque,REGION IV-B (MIMAROPA),2020
40th,37.7291,Davao Oriental,REGION XI (Davao Region),2020
41st,37.6193,Biliran,REGION VIII (Eastern Visayas),2020
42nd,37.5185,Quezon,REGION IV-A (CALABARZON),2020
43rd,37.456,Guimaras,REGION VI (Western Visayas),2020
44th,37.4512,Negros Oriental,REGION VII (Central Visayas),2020
45th,37.3421,Nueva Ecija,REGION III (Central Luzon),2020
46th,37.3166,Cagayan,REGION II (Cagayan Valley),2020
47th,37.091,Davao Del Sur,REGION XI (Davao Region),2020
48th,37.0812,Antique,REGION VI (Western Visayas),2020
49th,37.0211,Zamboanga Del Norte,REGION IX (Zamboanga Peninsula),2020
50th,36.9208,Capiz,REGION VI (Western Visayas),2020
51st,36.919,Nueva Vizcaya,REGION II (Cagayan Valley),2020
52nd,36.8655,Leyte,REGION VIII (Eastern Visayas),2020
53rd,36.6734,Aurora,REGION III (Central Luzon),2020
54th,36.5955,Lanao Del Norte,REGION X (Northern Mindanao),2020
55th,36.5496,Ifugao,CAR - Cordillera Administrative Region,2020
56th,36.5214,Dinagat Islands,REGION XIII (Caraga),2020
57th,36.2854,Romblon,REGION IV-B (MIMAROPA),2020
58th,36.2011,Agusan Del Norte,REGION XIII (Caraga),2020
59th,36.1987,Surigao Del Sur,REGION XIII (Caraga),2020
60th,36.0775,Davao Occidental,REGION XI (Davao Region),2020
61st,36.0243,Samar (Western Samar),REGION VIII (Eastern Visayas),2020
62nd,35.9831,Kalinga,CAR - Cordillera Administrative Region,2020
63rd,35.4424,Mountain Province,CAR - Cordillera Administrative Region,2020
64th,35.3915,Negros Occidental,REGION VI (Western Visayas),2020
65th,35.3355,Occidental Mindoro,REGION IV-B (MIMAROPA),2020
66th,35.1907,Sorsogon,REGION V (Bicol Region),2020
67th,34.9105,Abra,CAR - Cordillera Administrative Region,2020
68th,34.8623,Batanes,REGION II (Cagayan Valley),2020
69th,34.6104,Eastern Samar,REGION VIII (Eastern Visayas),2020
70th,34.117,Catanduanes,REGION V (Bicol Region),2020
71st,34,Palawan,REGION IV-B (MIMAROPA),2020
72nd,33.0488,Northern Samar,REGION VIII (Eastern Visayas),2020
73rd,33.0306,Southern Leyte,REGION VIII (Eastern Visayas),2020
74th,32.7262,Camarines Norte,REGION V (Bicol Region),2020
75th,32.5768,Masbate,REGION V (Bicol Region),2020
76th,31.9438,Zamboanga Sibugay,REGION IX (Zamboanga Peninsula),2020
77th,30.8007,Apayao,CAR - Cordillera Administrative Region,2020
1st,51.5573,National Capital Region,NATIONAL CAPITAL REGION (NCR),2021
2nd,45.7503,Rizal,REGION IV-A (CALABARZON),2021
3rd,44.9845,Davao Del Norte,REGION XI (Davao Region),2021
4th,42.2973,Camiguin,REGION X (Northern Mindanao),2021
5th,39.7034,Laguna,REGION IV-A (CALABARZON),2021
6th,38.9637,Cavite,REGION IV-A (CALABARZON),2021
7th,37.1676,South Cotabato,REGION XII (Soccsksargen),2021
8th,36.9341,Pampanga,REGION III (Central Luzon),2021
9th,36.3931,La Union,REGION I (Ilocos Region),2021
10th,36.3385,Batangas,REGION IV-A (CALABARZON),2021
11th,36.3205,Bulacan,REGION III (Central Luzon),2021
12th,36.1681,Compostela Valley,,2021
13th,35.8424,Ifugao,CAR - Cordillera Administrative Region,2021
14th,35.4749,Surigao Del Norte,REGION XIII (Caraga),2021
15th,35.2935,Davao Del Sur,REGION XI (Davao Region),2021
16th,35.0176,Ilocos Norte,REGION I (Ilocos Region),2021
17th,35.0071,Pangasinan,REGION I (Ilocos Region),2021
18th,34.9705,Oriental Mindoro,REGION IV-B (MIMAROPA),2021
19th,34.9337,Sarangani,REGION XII (Soccsksargen),2021
20th,34.8278,Ilocos Sur,REGION I (Ilocos Region),2021
21st,34.752,Bohol,REGION VII (Central Visayas),2021
22nd,34.634,Misamis Oriental,REGION X (Northern Mindanao),2021
23rd,34.486,Albay,REGION V (Bicol Region),2021
24th,34.2094,Bataan,REGION III (Central Luzon),2021
25th,34.1119,Cotabato (North Cotabato),REGION XII (Soccsksargen),2021
26th,34.0713,Sultan Kudarat,REGION XII (Soccsksargen),2021
27th,34.0322,Benguet,CAR - Cordillera Administrative Region,2021
28th,33.9672,Siquijor,REGION VII (Central Visayas),2021
29th,33.9495,Quirino,REGION II (Cagayan Valley),2021
30th,33.898,Iloilo,REGION VI (Western Visayas),2021
31st,33.8648,Lanao Del Norte,REGION X (Northern Mindanao),2021
32nd,33.7801,Zamboanga Del Norte,REGION IX (Zamboanga Peninsula),2021
33rd,33.7119,Aklan,REGION VI (Western Visayas),2021
34th,33.6485,Zamboanga Del Sur,REGION IX (Zamboanga Peninsula),2021
35th,33.4347,Agusan Del Sur,REGION XIII (Caraga),2021
36th,33.363,Agusan Del Norte,REGION XIII (Caraga),2021
37th,33.3373,Tarlac,REGION III (Central Luzon),2021
38th,33.305,Maguindanao,,2021
39th,33.1945,Romblon,REGION IV-B (MIMAROPA),2021
40th,33.1598,Davao Occidental,REGION XI (Davao Region),2021
41st,33.1198,Leyte,REGION VIII (Eastern Visayas),2021
42nd,33.0768,Bukidnon,REGION X (Northern Mindanao),2021
43rd,32.9747,Camarines Sur,REGION V (Bicol Region),2021
44th,32.7272,Davao Oriental,REGION XI (Davao Region),2021
45th,32.6431,Guimaras,REGION VI (Western Visayas),2021
46th,32.5982,Aurora,REGION III (Central Luzon),2021
47th,32.58,Biliran,REGION VIII (Eastern Visayas),2021
48th,32.5359,Abra,CAR - Cordillera Administrative Region,2021
49th,32.4797,Kalinga,CAR - Cordillera Administrative Region,2021
50th,32.4786,Marinduque,REGION IV-B (MIMAROPA),2021
51st,32.2486,Cebu,REGION VII (Central Visayas),2021
52nd,32.206,Mountain Province,CAR - Cordillera Administrative Region,2021
53rd,32.1338,Isabela,REGION II (Cagayan Valley),2021
54th,32.1113,Quezon,REGION IV-A (CALABARZON),2021
55th,32.0893,Dinagat Islands,REGION XIII (Caraga),2021
56th,32.078,Misamis Occidental,REGION X (Northern Mindanao),2021
57th,32.0602,Cagayan,REGION II (Cagayan Valley),2021
58th,32.0445,Zambales,REGION III (Central Luzon),2021
59th,31.6071,Surigao Del Sur,REGION XIII (Caraga),2021
60th,31.5783,Nueva Ecija,REGION III (Central Luzon),2021
61st,31.4658,Capiz,REGION VI (Western Visayas),2021
62nd,31.1944,Palawan,REGION IV-B (MIMAROPA),2021
63rd,31.0598,Occidental Mindoro,REGION IV-B (MIMAROPA),2021
64th,30.9286,Antique,REGION VI (Western Visayas),2021
65th,30.8775,Negros Occidental,REGION VI (Western Visayas),2021
66th,30.8515,Camarines Norte,REGION V (Bicol Region),2021
67th,30.7749,Samar (Western Samar),REGION VIII (Eastern Visayas),2021
68th,30.7321,Nueva Vizcaya,REGION II (Cagayan Valley),2021
69th,30.6606,Batanes,REGION II (Cagayan Valley),2021
70th,30.6495,Apayao,CAR - Cordillera Administrative Region,2021
71st,30.5826,Negros Oriental,REGION VII (Central Visayas),2021
72nd,30.436,Zamboanga Sibugay,REGION IX (Zamboanga Peninsula),2021
73rd,30.1235,Southern Leyte,REGION VIII (Eastern Visayas),2021
74th,29.5446,Catanduanes,REGION V (Bicol Region),2021
75th,29.0747,Masbate,REGION V (Bicol Region),2021
76th,28.9758,Sorsogon,REGION V (Bicol Region),2021
77th,28.7937,Basilan,BARMM - Bangsamoro Autonomous Region in Muslim Mindanao,2021
78th,28.2394,Northern Samar,REGION VIII (Eastern Visayas),2021
79th,27.0458,Lanao Del Sur,BARMM - Bangsamoro Autonomous Region in Muslim Mindanao,2021
80th,25.7325,Tawi-Tawi,BARMM - Bangsamoro Autonomous Region in Muslim Mindanao,2021
81st,20.7937,Sulu,BARMM - Bangsamoro Autonomous Region in Muslim Mindanao,2021
82nd,18.3369,Eastern Samar,REGION VIII (Eastern Visayas),2021
1st,51.5573,National Capital Region,NATIONAL CAPITAL REGION (NCR),2022
2nd,40.2271,Rizal,REGION IV-A (CALABARZON),2022
3rd,37.6802,Cavite,REGION IV-A (CALABARZON),2022
4th,37.4216,Davao Del Norte,REGION XI (Davao Region),2022
5th,37.2091,Laguna,REGION IV-A (CALABARZON),2022
6th,36.5753,Camiguin,REGION X (Northern Mindanao),2022
7th,35.9962,Basilan (IX),REGION IX (Zamboanga Peninsula),2022
8th,34.5233,Davao Del Sur,REGION XI (Davao Region),2022
9th,33.8496,Bataan,REGION III (Central Luzon),2022
10th,33.1494,South Cotabato,REGION XII (Soccsksargen),2022
11th,33.1346,Bulacan,REGION III (Central Luzon),2022
12th,33.0947,La Union,REGION I (Ilocos Region),2022
13th,32.9052,Pampanga,REGION III (Central Luzon),2022
14th,32.7967,Ilocos Norte,REGION I (Ilocos Region),2022
15th,32.7639,Batangas,REGION IV-A (CALABARZON),2022
16th,32.641,Albay,REGION V (Bicol Region),2022
17th,32.6078,Tarlac,REGION III (Central Luzon),2022
18th,32.4372,Misamis Oriental,REGION X (Northern Mindanao),2022
19th,32.3514,Aurora,REGION III (Central Luzon),2022
20th,32.1505,Marinduque,REGION IV-B (MIMAROPA),2022
21st,32.0106,Oriental Mindoro,REGION IV-B (MIMAROPA),2022
22nd,31.9686,Pangasinan,REGION I (Ilocos Region),2022
23rd,31.8736,Davao De Oro,REGION XI (Davao Region),2022
24th,31.8247,Davao Oriental,REGION XI (Davao Region),2022
25th,31.3557,Ilocos Sur,REGION I (Ilocos Region),2022
26th,31.3064,Cotabato (North Cotabato),REGION XII (Soccsksargen),2022
27th,31.1615,Surigao Del Norte,REGION XIII (Caraga),2022
28th,31.1205,Isabela,REGION II (Cagayan Valley),2022
29th,31.0544,Nueva Ecija,REGION III (Central Luzon),2022
30th,31.0502,Sarangani,REGION XII (Soccsksargen),2022
31st,30.8772,Quezon,REGION IV-A (CALABARZON),2022
32nd,30.7996,Aklan,REGION VI (Western Visayas),2022
33rd,30.746,Guimaras,REGION VI (Western Visayas),2022
34th,30.7373,Quirino,REGION II (Cagayan Valley),2022
35th,30.6527,Iloilo,REGION VI (Western Visayas),2022
36th,30.6364,Bohol,REGION VII (Central Visayas),2022
37th,30.553,Bukidnon,REGION X (Northern Mindanao),2022
38th,30.5225,Ifugao,CAR - Cordillera Administrative Region,2022
39th,30.5191,Davao Occidental,REGION XI (Davao Region),2022
40th,30.3301,Occidental Mindoro,REGION IV-B (MIMAROPA),2022
41st,30.2525,Cagayan,REGION II (Cagayan Valley),2022
42nd,30.0509,Cebu,REGION VII (Central Visayas),2022
43rd,29.8733,Dinagat Islands,REGION XIII (Caraga),2022
44th,29.4079,Benguet,CAR - Cordillera Administrative Region,2022
45th,29.3079,Agusan Del Sur,REGION XIII (Caraga),2022
46th,29.2707,Maguindanao,,2022
47th,29.2569,Zamboanga Del Sur,REGION IX (Zamboanga Peninsula),2022
48th,29.2349,Camarines Sur,REGION V (Bicol Region),2022
49th,29.205,Camarines Norte,REGION V (Bicol Region),2022
50th,29.1799,Agusan Del Norte,REGION XIII (Caraga),2022
51st,29.1627,Kalinga,CAR - Cordillera Administrative Region,2022
52nd,29.0853,Mountain Province,CAR - Cordillera Administrative Region,2022
53rd,29.0462,Sultan Kudarat,REGION XII (Soccsksargen),2022
54th,29.0407,Zambales,REGION III (Central Luzon),2022
55th,29.0115,Misamis Occidental,REGION X (Northern Mindanao),2022
56th,28.8895,Zamboanga Del Norte,REGION IX (Zamboanga Peninsula),2022
57th,28.7792,Biliran,REGION VIII (Eastern Visayas),2022
58th,28.7558,Capiz,REGION VI (Western Visayas),2022
59th,28.7345,Nueva Vizcaya,REGION II (Cagayan Valley),2022
60th,28.6938,Samar (Western Samar),REGION VIII (Eastern Visayas),2022
61st,28.6579,Siquijor,REGION VII (Central Visayas),2022
62nd,28.6184,Leyte,REGION VIII (Eastern Visayas),2022
63rd,28.45,Negros Occidental,REGION VI (Western Visayas),2022
64th,28.4131,Southern Leyte,REGION VIII (Eastern Visayas),2022
65th,28.3147,Negros Oriental,REGION VII (Central Visayas),2022
66th,27.9012,Romblon,REGION IV-B (MIMAROPA),2022
67th,27.8886,Surigao Del Sur,REGION XIII (Caraga),2022
68th,28.6777,Sorsogon,REGION V (Bicol Region),2022
69th,27.7238,Lanao Del Norte,REGION X (Northern Mindanao),2022
70th,27.5777,Catanduanes,REGION V (Bicol Region),2022
71st,27.4922,Zamboanga Sibugay,REGION IX (Zamboanga Peninsula),2022
72nd,27.0261,Antique,REGION VI (Western Visayas),2022
73rd,26.657,Palawan,REGION IV-B (MIMAROPA),2022
74th,26.3237,Northern Samar,REGION VIII (Eastern Visayas),2022
75th,26.7116,Apayao,CAR - Cordillera Administrative Region,2022
76th,25.4537,Abra,CAR - Cordillera Administrative Region,2022
77th,25.2499,Lanao Del Sur,BARMM - Bangsamoro Autonomous Region in Muslim Mindanao,2022
78th,25.0854,Eastern Samar,REGION VIII (Eastern Visayas),2022
79th,24.1173,Tawi-Tawi,BARMM - Bangsamoro Autonomous Region in Muslim Mindanao,2022
80th,22.9991,Masbate,REGION V (Bicol Region),2022
81st,22.8291,Batanes,REGION II (Cagayan Valley),2022
82nd,17.2784,Basilan,BARMM - Bangsamoro Autonomous Region in Muslim Mindanao,2022
83rd,15.047,Sulu,BARMM - Bangsamoro Autonomous Region in Muslim Mindanao,2022
